model,hidden_size,n_LSTM,dropout,criterion,lr,train_loss,test_loss,n_params
0,32,2,0,l1_loss,0.1,0.029805846512317657,0.36640188097953796,14629
1,64,2,0,l1_loss,0.1,0.03761793300509453,0.348991721868515,53829
2,32,2,0,mse_loss,0.1,0.003007561666890979,0.15108324587345123,14629
3,64,2,0,mse_loss,0.1,0.004225294105708599,0.17420077323913574,53829
