model,nhead,d_model,num_layers,dropout,criterion,lr,train_loss,test_loss,n_params
0,2,64,2,0,l1_loss,0.1,0.36215826869010925,1.4986884593963623,563525
1,2,64,4,0,l1_loss,0.1,0.3623233437538147,1.4984397888183594,1125829
2,4,64,2,0,l1_loss,0.1,0.3621043562889099,1.4985002279281616,563525
3,4,64,4,0,l1_loss,0.1,0.3623230755329132,1.4984692335128784,1125829
4,2,64,2,0,mse_loss,0.1,,,563525
5,2,64,4,0,mse_loss,0.1,0.24644926190376282,1.6498054265975952,1125829
6,4,64,2,0,mse_loss,0.1,0.2464510202407837,1.6500020027160645,563525
7,4,64,4,0,mse_loss,0.1,0.24644926190376282,1.650017499923706,1125829
